index,twitter_rank,google_rank,nyt_rank,lyrics_rank
twitter_rank,1.0,0.4371135531242305,0.47062215621294784,0.6160632802607295
google_rank,0.4371135531242305,1.0,0.6029883006327178,0.4050596583483348
nyt_rank,0.47062215621294784,0.6029883006327178,1.0,0.3761634810769351
lyrics_rank,0.6160632802607295,0.4050596583483348,0.3761634810769351,1.0
